{
  "title":"Effective potential and boundary conditions at r=0",
  "description": "",
  "file": null,
  "learning_resource_types": [],
  "resource_type": "Video",
  "file_type": null,
  "youtube_key":  "_XDm2cxC-UU",
  "captions_file": "/courses/8-04-quantum-physics-i-spring-2016/d8ad9b9577125d968346d8d4a56f71ea_XDm2cxC-UU.vtt",
  "transcript_file": "/courses/8-04-quantum-physics-i-spring-2016/24f5ce761b2d78b0a3edcf077998bdd5_XDm2cxC-UU.pdf",
  "thumbnail_file": "https://img.youtube.com/vi/_XDm2cxC-UU/default.jpg",
  "archive_url": "https://archive.org/download/MIT8.04S16/MIT8_04S16_lec21_s3_300k.mp4"}
