{
  "title":"Compton Scattering",
  "description": "",
  "file": null,
  "learning_resource_types": [],
  "resource_type": "Video",
  "file_type": null,
  "youtube_key":  "WR88_Vzfcx4",
  "captions_file": "/courses/8-04-quantum-physics-i-spring-2016/d5cb7dc022f45ee4b5e3e4cdad73c8fe_WR88_Vzfcx4.vtt",
  "transcript_file": "/courses/8-04-quantum-physics-i-spring-2016/4ab86eb4ab8fef506a42024651d24bf3_WR88_Vzfcx4.pdf",
  "thumbnail_file": "https://img.youtube.com/vi/WR88_Vzfcx4/default.jpg",
  "archive_url": "https://archive.org/download/MIT8.04S16/MIT8_04S16_lec03_s3_300k.mp4"}
