{
  "title":"Momentum operator, energy operator, and a differential equation",
  "description": "",
  "file": null,
  "learning_resource_types": [],
  "resource_type": "Video",
  "file_type": null,
  "youtube_key":  "ELBh60GU5yE",
  "captions_file": "/courses/8-04-quantum-physics-i-spring-2016/b0db7e3176705be0aabcbbe840f0cee9_ELBh60GU5yE.vtt",
  "transcript_file": "/courses/8-04-quantum-physics-i-spring-2016/62b59e55f23b80f387d409e77eff5c80_ELBh60GU5yE.pdf",
  "thumbnail_file": "https://img.youtube.com/vi/dGD_3d90oug/default.jpg",
  "archive_url": "https://archive.org/download/MIT8.04S16/MIT8_04S16_lec05_s1_300k.mp4"}
