{
  "title":"Group velocity and stationary phase approximation",
  "description": "",
  "file": null,
  "learning_resource_types": [],
  "resource_type": "Video",
  "file_type": null,
  "youtube_key":  "-UgQEHHXTRM",
  "captions_file": "/courses/8-04-quantum-physics-i-spring-2016/781d3fb38af251b2ae7ec4758c3aee6e_-UgQEHHXTRM.vtt",
  "transcript_file": "/courses/8-04-quantum-physics-i-spring-2016/0ca7bbddb1086e11ac737afcc7681df6_-UgQEHHXTRM.pdf",
  "thumbnail_file": "https://img.youtube.com/vi/0rOVBjVYuwg/default.jpg",
  "archive_url": "https://archive.org/download/MIT8.04S16/MIT8_04S16_lec04_s4_300k.mp4"}
