{
  "title":"Half-width and time delay",
  "description": "",
  "file": null,
  "learning_resource_types": [],
  "resource_type": "Video",
  "file_type": null,
  "youtube_key":  "OQMczXtDnpU",
  "captions_file": "/courses/8-04-quantum-physics-i-spring-2016/375230cbe82d56608e9bbc1faf0b2262_OQMczXtDnpU.vtt",
  "transcript_file": "/courses/8-04-quantum-physics-i-spring-2016/f2a720e4b908a53806e2dd43bb9945c1_OQMczXtDnpU.pdf",
  "thumbnail_file": "https://img.youtube.com/vi/OQMczXtDnpU/default.jpg",
  "archive_url": "https://archive.org/download/MIT8.04S16/MIT8_04S16_lec19_s4_300k.mp4"}
