{
  "title":"8-04s16.jpg",
  "description": "A Mach-Zehnder interferometer, with two beam splitters, two mirrors, and two detectors, is used to test if an  Elitzur-Vaidman bomb is functional without detonating it. Image by MIT OpenCourseWare.",
  "file": "/courses/8-04-quantum-physics-i-spring-2016/458fa90d4ae8b2d71bca7578a12923af_8-04s16.jpg",
  "learning_resource_types": [],
  "resource_type": "Image",
  "file_type": "image/jpeg",
  "image_metadata": {"caption":"A Mach-Zehnder interferometer, with two beam splitters, two mirrors, and two detectors, is used to test if an Elitzur-Vaidman bomb is functional without detonating it. (Image by MIT OpenCourseWare.)","credit":"Image by MIT OpenCourseWare.","image-alt":"Lines and boxes showing experimental set-up of a Mach-Zehnder interferometer."}}
