{
  "title":"Qualitative insights: Local de Broglie wavelength",
  "description": "",
  "file": null,
  "learning_resource_types": [],
  "resource_type": "Video",
  "file_type": null,
  "youtube_key":  "QMeKIiufg5s",
  "captions_file": "/courses/8-04-quantum-physics-i-spring-2016/b212a1ce5ef45a298c9920fada68f42e_QMeKIiufg5s.vtt",
  "transcript_file": "/courses/8-04-quantum-physics-i-spring-2016/140f2ac5812d3bb02b59cd1a86dd3964_QMeKIiufg5s.pdf",
  "thumbnail_file": "https://img.youtube.com/vi/_WllxiDAD7o/default.jpg",
  "archive_url": "https://archive.org/download/MIT8.04S16/MIT8_04S16_lec12_s3_300k.mp4"}
