{
  "title":"Excited states of the harmonic oscillator",
  "description": "",
  "file": null,
  "learning_resource_types": [],
  "resource_type": "Video",
  "file_type": null,
  "youtube_key":  "xmjvqbYvY9o",
  "captions_file": "/courses/8-04-quantum-physics-i-spring-2016/af067c3b1d9c59668d1f391c645c65cb_xmjvqbYvY9o.vtt",
  "transcript_file": "/courses/8-04-quantum-physics-i-spring-2016/35816b09d42d2fdea9d61bdee70b85d8_xmjvqbYvY9o.pdf",
  "thumbnail_file": "https://img.youtube.com/vi/xmjvqbYvY9o/default.jpg",
  "archive_url": "https://archive.org/download/MIT8.04S16/MIT8_04S16_lec15_s2_300k.mp4"}
