{
  "title":"Uncertainty and eigenstates",
  "description": "",
  "file": null,
  "learning_resource_types": [],
  "resource_type": "Video",
  "file_type": null,
  "youtube_key":  "1D4VPbhDy_A",
  "captions_file": "/courses/8-04-quantum-physics-i-spring-2016/29db91d9f4375643820bf18ed0980241_1D4VPbhDy_A.vtt",
  "transcript_file": "/courses/8-04-quantum-physics-i-spring-2016/615280f02ca30f454afd209c160cf55d_1D4VPbhDy_A.pdf",
  "thumbnail_file": "https://img.youtube.com/vi/1D4VPbhDy_A/default.jpg",
  "archive_url": "https://archive.org/download/MIT8.04S16/MIT8_04S16_lec10_s1_300k.mp4"}
