{
  "title":"Expectation values of operators",
  "description": "",
  "file": null,
  "learning_resource_types": [],
  "resource_type": "Video",
  "file_type": null,
  "youtube_key":  "XQKV-hpsurs",
  "captions_file": "/courses/8-04-quantum-physics-i-spring-2016/b63a7b94a91255d99e7f04b03736e48f_XQKV-hpsurs.vtt",
  "transcript_file": "/courses/8-04-quantum-physics-i-spring-2016/5bfecef6bcb2264265ea48fbd1848e60_XQKV-hpsurs.pdf",
  "thumbnail_file": "https://img.youtube.com/vi/pV6FDHcPt78/default.jpg",
  "archive_url": "https://archive.org/download/MIT8.04S16/MIT8_04S16_lec08_s4_300k.mp4"}
