{
  "title":"Units of h and Compton wavelength of particles",
  "description": "",
  "file": null,
  "learning_resource_types": [],
  "resource_type": "Video",
  "file_type": null,
  "youtube_key":  "S9RjSQro2e0",
  "captions_file": "/courses/8-04-quantum-physics-i-spring-2016/c6a6b989e45550acba1b882436a3475d_S9RjSQro2e0.vtt",
  "transcript_file": "/courses/8-04-quantum-physics-i-spring-2016/b7b6b408650866f6d217a4fc73fac310_S9RjSQro2e0.pdf",
  "thumbnail_file": "https://img.youtube.com/vi/S9RjSQro2e0/default.jpg",
  "archive_url": "https://archive.org/download/MIT8.04S16/MIT8_04S16_lec03_s2_300k.mp4"}
