{
  "title":"Wavepackets and Fourier representation",
  "description": "",
  "file": null,
  "learning_resource_types": [],
  "resource_type": "Video",
  "file_type": null,
  "youtube_key":  "dzI5PddY6eE",
  "captions_file": "/courses/8-04-quantum-physics-i-spring-2016/1d37ebbd44a15231939851ce74f77827_3368145.vtt",
  "transcript_file": "/courses/8-04-quantum-physics-i-spring-2016/9571ea6d24e42149b2cae780f6cf6c6c_3368145.pdf",
  "thumbnail_file": "https://img.youtube.com/vi/okrfbSnD2Zw/default.jpg",
  "archive_url": "https://archive.org/download/MIT8.04S16/MIT8_04S16_lec07_s1_300k.mp4"}
