{
  "title":"The general Schrödinger equation. x, p commutator",
  "description": "",
  "file": null,
  "learning_resource_types": [],
  "resource_type": "Video",
  "file_type": null,
  "youtube_key":  "rwzg8iEOc8s",
  "captions_file": "/courses/8-04-quantum-physics-i-spring-2016/b43b78746c085632bd1ed197d2ad16c6_rwzg8iEOc8s.vtt",
  "transcript_file": "/courses/8-04-quantum-physics-i-spring-2016/80d4c76163a22b190eca02e02649ddf5_rwzg8iEOc8s.pdf",
  "thumbnail_file": "https://img.youtube.com/vi/Rpln0w2fY3I/default.jpg",
  "archive_url": "https://archive.org/download/MIT8.04S16/MIT8_04S16_lec05_s3_300k.mp4"}
