{
  "title":"Expectation values on stationary states",
  "description": "",
  "file": null,
  "learning_resource_types": [],
  "resource_type": "Video",
  "file_type": null,
  "youtube_key":  "M2i8R6kMXKA",
  "captions_file": "/courses/8-04-quantum-physics-i-spring-2016/a21913875b445addbb476c9be693d2a9_M2i8R6kMXKA.vtt",
  "transcript_file": "/courses/8-04-quantum-physics-i-spring-2016/4668200c2faee652c76e169791d5a8ce_M2i8R6kMXKA.pdf",
  "thumbnail_file": "https://img.youtube.com/vi/J-B8rF-hUgE/default.jpg",
  "archive_url": "https://archive.org/download/MIT8.04S16/MIT8_04S16_lec10_s3_300k.mp4"}
