{
  "title":"Energy below the barrier and phase shift",
  "description": "",
  "file": null,
  "learning_resource_types": [],
  "resource_type": "Video",
  "file_type": null,
  "youtube_key":  "EkpbxgEslE4",
  "captions_file": "/courses/8-04-quantum-physics-i-spring-2016/8f39a63105505304bb58eee6f1d3d0d9_EkpbxgEslE4.vtt",
  "transcript_file": "/courses/8-04-quantum-physics-i-spring-2016/4394a653e33383e06a2ee0173d9d56ea_EkpbxgEslE4.pdf",
  "thumbnail_file": "https://img.youtube.com/vi/EkpbxgEslE4/default.jpg",
  "archive_url": "https://archive.org/download/MIT8.04S16/MIT8_04S16_lec16_s3_300k.mp4"}
