{
  "title":"Local picture of the wavefunction",
  "description": "",
  "file": null,
  "learning_resource_types": [],
  "resource_type": "Video",
  "file_type": null,
  "youtube_key":  "fWCGM2auQPs",
  "captions_file": "/courses/8-04-quantum-physics-i-spring-2016/4eaf9aff4a6b53dba57aa2285405af64_fWCGM2auQPs.vtt",
  "transcript_file": "/courses/8-04-quantum-physics-i-spring-2016/5464ebaaf3caed50c3f66a67974bde76_fWCGM2auQPs.pdf",
  "thumbnail_file": "https://img.youtube.com/vi/CnKy8uEWwwc/default.jpg",
  "archive_url": "https://archive.org/download/MIT8.04S16/MIT8_04S16_lec12_s5_300k.mp4"}
