{
  "title":"The nature of superposition. Mach-Zehnder interferometer",
  "description": "",
  "file": null,
  "learning_resource_types": [],
  "resource_type": "Video",
  "file_type": null,
  "youtube_key":  "CR-eOhdxbes",
  "captions_file": "/courses/8-04-quantum-physics-i-spring-2016/e5cd47eb5b875ac9a77a8271dec96f9c_CR-eOhdxbes.vtt",
  "transcript_file": "/courses/8-04-quantum-physics-i-spring-2016/f10c99957fea1ad46e248451e4a9fc82_CR-eOhdxbes.pdf",
  "thumbnail_file": "https://img.youtube.com/vi/CR-eOhdxbes/default.jpg",
  "archive_url": "https://archive.org/download/MIT8.04S16/MIT8_04S16_lec01_s5_300k.mp4"}
