{
  "title":"Ramsauer-Townsend phenomenology",
  "description": "",
  "file": null,
  "learning_resource_types": [],
  "resource_type": "Video",
  "file_type": null,
  "youtube_key":  "5u-9lFhCl5w",
  "captions_file": "/courses/8-04-quantum-physics-i-spring-2016/347e689b1ea25e269578ba1a14e7d1a5_5u-9lFhCl5w.vtt",
  "transcript_file": "/courses/8-04-quantum-physics-i-spring-2016/59e712a20121bf94abeee3030dfa3389_5u-9lFhCl5w.pdf",
  "thumbnail_file": "https://img.youtube.com/vi/5u-9lFhCl5w/default.jpg",
  "archive_url": "https://archive.org/download/MIT8.04S16/MIT8_04S16_lec17_s3_300k.mp4"}
