{
  "title":"Modelling a resonance",
  "description": "",
  "file": null,
  "learning_resource_types": [],
  "resource_type": "Video",
  "file_type": null,
  "youtube_key":  "8Dxo4LPK_9w",
  "captions_file": "/courses/8-04-quantum-physics-i-spring-2016/7564b63a02415110859fb6a84c0ad870_8Dxo4LPK_9w.vtt",
  "transcript_file": "/courses/8-04-quantum-physics-i-spring-2016/cb4c2f49edc783246e4c6cfbf89ed56f_8Dxo4LPK_9w.pdf",
  "thumbnail_file": "https://img.youtube.com/vi/8Dxo4LPK_9w/default.jpg",
  "archive_url": "https://archive.org/download/MIT8.04S16/MIT8_04S16_lec19_s3_300k.mp4"}
