{
  "title":"The photoelectric effect",
  "description": "",
  "file": null,
  "learning_resource_types": [],
  "resource_type": "Video",
  "file_type": null,
  "youtube_key":  "byEaU9ILHmw",
  "captions_file": "/courses/8-04-quantum-physics-i-spring-2016/5dd5d92186605b359f30ba3275940895_byEaU9ILHmw.vtt",
  "transcript_file": "/courses/8-04-quantum-physics-i-spring-2016/7551416781e1d435329efd455df17b0e_byEaU9ILHmw.pdf",
  "thumbnail_file": "https://img.youtube.com/vi/byEaU9ILHmw/default.jpg",
  "archive_url": "https://archive.org/download/MIT8.04S16/MIT8_04S16_lec03_s1_300k.mp4"}
