{
  "title":"Three-dimensional Fourier transforms",
  "description": "",
  "file": null,
  "learning_resource_types": [],
  "resource_type": "Video",
  "file_type": null,
  "youtube_key":  "MJM1AzpB6Y4",
  "captions_file": "/courses/8-04-quantum-physics-i-spring-2016/9dfe5ca2da3156a8b4fc57bc9489d08a_MJM1AzpB6Y4.vtt",
  "transcript_file": "/courses/8-04-quantum-physics-i-spring-2016/cc20571344e88f9576aeefd19ca17340_MJM1AzpB6Y4.pdf",
  "thumbnail_file": "https://img.youtube.com/vi/nVs_VDQEM2A/default.jpg",
  "archive_url": "https://archive.org/download/MIT8.04S16/MIT8_04S16_lec08_s3_300k.mp4"}
