{
  "title":"Orbits in the hydrogen atom",
  "description": "",
  "file": null,
  "learning_resource_types": [],
  "resource_type": "Video",
  "file_type": null,
  "youtube_key":  "c5yzy1S3gPg",
  "captions_file": "/courses/8-04-quantum-physics-i-spring-2016/5e92209bba8b57f28449d6b64bad0746_c5yzy1S3gPg.vtt",
  "transcript_file": "/courses/8-04-quantum-physics-i-spring-2016/a3af8676dfce816a84c6504dff8685cd_c5yzy1S3gPg.pdf",
  "thumbnail_file": "https://img.youtube.com/vi/c5yzy1S3gPg/default.jpg",
  "archive_url": "https://archive.org/download/MIT8.04S16/MIT8_04S16_lec23_s4_300k.mp4"}
