{
  "title":"Motion of a wave-packet",
  "description": "",
  "file": null,
  "learning_resource_types": [],
  "resource_type": "Video",
  "file_type": null,
  "youtube_key":  "i81OpQJIH8U",
  "captions_file": "/courses/8-04-quantum-physics-i-spring-2016/9605678a411f50eebc47ffe63c194ab1_i81OpQJIH8U.vtt",
  "transcript_file": "/courses/8-04-quantum-physics-i-spring-2016/1b51cd232db72354d19224ab19fe2ddf_i81OpQJIH8U.pdf",
  "thumbnail_file": "https://img.youtube.com/vi/dPjVg8Zu-tI/default.jpg",
  "archive_url": "https://archive.org/download/MIT8.04S16/MIT8_04S16_lec04_s5_300k.mp4"}
