{
  "title":"Wavepackets",
  "description": "",
  "file": null,
  "learning_resource_types": [],
  "resource_type": "Video",
  "file_type": null,
  "youtube_key":  "NXPvXI603RA",
  "captions_file": "/courses/8-04-quantum-physics-i-spring-2016/eff111e090fa57d086a2465c58bbb777_NXPvXI603RA.vtt",
  "transcript_file": "/courses/8-04-quantum-physics-i-spring-2016/f558b5c33e06da5a3ffe05279a14afde_NXPvXI603RA.pdf",
  "thumbnail_file": "https://img.youtube.com/vi/NXPvXI603RA/default.jpg",
  "archive_url": "https://archive.org/download/MIT8.04S16/MIT8_04S16_lec16_s4_300k.mp4"}
