{
  "title":"Node Theorem",
  "description": "",
  "file": null,
  "learning_resource_types": [],
  "resource_type": "Video",
  "file_type": null,
  "youtube_key":  "NwPOhzDPHKc",
  "captions_file": "/courses/8-04-quantum-physics-i-spring-2016/026feb21d14955fbb74e93ac8343a68a_NwPOhzDPHKc.vtt",
  "transcript_file": "/courses/8-04-quantum-physics-i-spring-2016/aed4756978aa865bfd70a5003bdb33ed_NwPOhzDPHKc.pdf",
  "thumbnail_file": "https://img.youtube.com/vi/p8XW9z-OvQk/default.jpg",
  "archive_url": "https://archive.org/download/MIT8.04S16/MIT8_04S16_lec13_s3_300k.mp4"}
