{
  "title":"Nodes and symmetries of the infinite square well eigenstates",
  "description": "",
  "file": null,
  "learning_resource_types": [],
  "resource_type": "Video",
  "file_type": null,
  "youtube_key":  "x_ngaeI00qU",
  "captions_file": "/courses/8-04-quantum-physics-i-spring-2016/3100612ef6eb5f43be8b067925e12d21_x_ngaeI00qU.vtt",
  "transcript_file": "/courses/8-04-quantum-physics-i-spring-2016/40578812b240664be038c7b1f8fa9345_x_ngaeI00qU.pdf",
  "thumbnail_file": "https://img.youtube.com/vi/HvHr-YnvFTM/default.jpg",
  "archive_url": "https://archive.org/download/MIT8.04S16/MIT8_04S16_lec11_s3_300k.mp4"}
