{
  "title":"Creation and annihilation operators acting on energy eigenstates",
  "description": "",
  "file": null,
  "learning_resource_types": [],
  "resource_type": "Video",
  "file_type": null,
  "youtube_key":  "BRFekCz4XQY",
  "captions_file": "/courses/8-04-quantum-physics-i-spring-2016/014a7cc9d84356cfbef6838eb3b31a9d_BRFekCz4XQY.vtt",
  "transcript_file": "/courses/8-04-quantum-physics-i-spring-2016/cd974cc2a2d0b25a57e70bbdec86dfa2_BRFekCz4XQY.pdf",
  "thumbnail_file": "https://img.youtube.com/vi/BRFekCz4XQY/default.jpg",
  "archive_url": "https://archive.org/download/MIT8.04S16/MIT8_04S16_lec15_s3_300k.mp4"}
