<?xml version="1.0" encoding="utf-8" standalone="yes"?>
<rss version="2.0" xmlns:atom="http://www.w3.org/2005/Atom">
  <channel>
    <title>Assignments on MIT OpenCourseWare</title>
    <link>/resources/assignments/</link>
    <description>Recent content in Assignments on MIT OpenCourseWare</description>
    <generator>Hugo -- gohugo.io</generator>
    <language>en-us</language><atom:link href="/resources/assignments/index.xml" rel="self" type="application/rss+xml" />
    <item>
      <title>Assignments</title>
      <link>/pages/assignments/data.json</link>
      <pubDate>Mon, 01 Jan 0001 00:00:00 +0000</pubDate>
      
      <guid>/pages/assignments/data.json</guid>
      <description>Problem Set 1 (PDF)
Problem Set 2 (PDF)
Problem Set 3 (PDF)
Problem Set 4 (PDF)
Problem Set 5 (PDF)
Problem Set 6 (PDF)
Problem Set 7 (PDF)
Problem Set 8 (PDF)
Problem Set 9 (PDF)
Problem Set 10 (PDF)</description>
    </item>
    
    <item>
      <title>Quantum Physics I, Assignment 1</title>
      <link>/resources/mit8_04s16_ps1_2016/data.json</link>
      <pubDate>Mon, 01 Jan 0001 00:00:00 +0000</pubDate>
      
      <guid>/resources/mit8_04s16_ps1_2016/data.json</guid>
      <description>This resource contains information regarding quantum physics: Assignment 1.</description>
    </item>
    
    <item>
      <title>Quantum Physics I, Assignment 10</title>
      <link>/resources/mit8_04s16_ps10_2016/data.json</link>
      <pubDate>Mon, 01 Jan 0001 00:00:00 +0000</pubDate>
      
      <guid>/resources/mit8_04s16_ps10_2016/data.json</guid>
      <description>This resource contains information regarding quantum physics: Assignment 10.</description>
    </item>
    
    <item>
      <title>Quantum Physics I, Assignment 2</title>
      <link>/resources/mit8_04s16_ps2_2016/data.json</link>
      <pubDate>Mon, 01 Jan 0001 00:00:00 +0000</pubDate>
      
      <guid>/resources/mit8_04s16_ps2_2016/data.json</guid>
      <description>This resource contains information regarding quantum physics: Assignment 2.</description>
    </item>
    
    <item>
      <title>Quantum Physics I, Assignment 3</title>
      <link>/resources/mit8_04s16_ps3_2016/data.json</link>
      <pubDate>Mon, 01 Jan 0001 00:00:00 +0000</pubDate>
      
      <guid>/resources/mit8_04s16_ps3_2016/data.json</guid>
      <description>This resource contains information regarding quantum physics: Assignment 3.</description>
    </item>
    
    <item>
      <title>Quantum Physics I, Assignment 4</title>
      <link>/resources/mit8_04s16_ps4_2016/data.json</link>
      <pubDate>Mon, 01 Jan 0001 00:00:00 +0000</pubDate>
      
      <guid>/resources/mit8_04s16_ps4_2016/data.json</guid>
      <description>This resource contains information regarding quantum physics: Assignment 4.</description>
    </item>
    
    <item>
      <title>Quantum Physics I, Assignment 5</title>
      <link>/resources/mit8_04s16_ps5_2016/data.json</link>
      <pubDate>Mon, 01 Jan 0001 00:00:00 +0000</pubDate>
      
      <guid>/resources/mit8_04s16_ps5_2016/data.json</guid>
      <description>This resource contains information regarding quantum physics: Assignment 5.</description>
    </item>
    
    <item>
      <title>Quantum Physics I, Assignment 6</title>
      <link>/resources/mit8_04s16_ps6_2016/data.json</link>
      <pubDate>Mon, 01 Jan 0001 00:00:00 +0000</pubDate>
      
      <guid>/resources/mit8_04s16_ps6_2016/data.json</guid>
      <description>This resource contains information regarding quantum physics: Assignment 6.</description>
    </item>
    
    <item>
      <title>Quantum Physics I, Assignment 7</title>
      <link>/resources/mit8_04s16_ps7_2016/data.json</link>
      <pubDate>Mon, 01 Jan 0001 00:00:00 +0000</pubDate>
      
      <guid>/resources/mit8_04s16_ps7_2016/data.json</guid>
      <description>This resource contains information regarding quantum physics: Assignment 7.</description>
    </item>
    
    <item>
      <title>Quantum Physics I, Assignment 8</title>
      <link>/resources/mit8_04s16_ps8_2016/data.json</link>
      <pubDate>Mon, 01 Jan 0001 00:00:00 +0000</pubDate>
      
      <guid>/resources/mit8_04s16_ps8_2016/data.json</guid>
      <description>This resource contains information regarding quantum physics: Assignment 8.</description>
    </item>
    
    <item>
      <title>Quantum Physics I, Assignment 9</title>
      <link>/resources/mit8_04s16_ps9_2016/data.json</link>
      <pubDate>Mon, 01 Jan 0001 00:00:00 +0000</pubDate>
      
      <guid>/resources/mit8_04s16_ps9_2016/data.json</guid>
      <description>This resource contains information regarding quantum physics: Assignment 9.</description>
    </item>
    
  </channel>
</rss>
