{
  "title":"Number operator and commutators",
  "description": "",
  "file": null,
  "learning_resource_types": [],
  "resource_type": "Video",
  "file_type": null,
  "youtube_key":  "kefsxztSX74",
  "captions_file": "/courses/8-04-quantum-physics-i-spring-2016/23c3b9417a7451368b09e95779cd3c2e_kefsxztSX74.vtt",
  "transcript_file": "/courses/8-04-quantum-physics-i-spring-2016/0778ad26f0c6b3e6cf8521bdbbd5f7e6_kefsxztSX74.pdf",
  "thumbnail_file": "https://img.youtube.com/vi/kefsxztSX74/default.jpg",
  "archive_url": "https://archive.org/download/MIT8.04S16/MIT8_04S16_lec15_s1_300k.mp4"}
