{
  "title":"Defining uncertainty",
  "description": "",
  "file": null,
  "learning_resource_types": [],
  "resource_type": "Video",
  "file_type": null,
  "youtube_key":  "rCRH9CTThlo",
  "captions_file": "/courses/8-04-quantum-physics-i-spring-2016/de8b902c7cf55520b6d530fc20abb525_rCRH9CTThlo.vtt",
  "transcript_file": "/courses/8-04-quantum-physics-i-spring-2016/c521c8c5ba83504d606c8362b0041fee_rCRH9CTThlo.pdf",
  "thumbnail_file": "https://img.youtube.com/vi/rCRH9CTThlo/default.jpg",
  "archive_url": "https://archive.org/download/MIT8.04S16/MIT8_04S16_lec09_s5_300k.mp4"}
