{
  "title":"Energy eigenstates for particle on a circle",
  "description": "",
  "file": null,
  "learning_resource_types": [],
  "resource_type": "Video",
  "file_type": null,
  "youtube_key":  "e0C1Bkcjrdc",
  "captions_file": "/courses/8-04-quantum-physics-i-spring-2016/77b82f6c163d55d9a96131bf29980cc4_e0C1Bkcjrdc.vtt",
  "transcript_file": "/courses/8-04-quantum-physics-i-spring-2016/27a501dbee96792c3f606f9694cf25cc_e0C1Bkcjrdc.pdf",
  "thumbnail_file": "https://img.youtube.com/vi/9_XRfMEOJK4/default.jpg",
  "archive_url": "https://archive.org/download/MIT8.04S16/MIT8_04S16_lec11_s1_300k.mp4"}
