{
  "title":"Eigenfunctions of a Hermitian operator",
  "description": "",
  "file": null,
  "learning_resource_types": [],
  "resource_type": "Video",
  "file_type": null,
  "youtube_key":  "K3WI62VJqVo",
  "captions_file": "/courses/8-04-quantum-physics-i-spring-2016/95e5975ae0c35798a95ce74f01cd9955_K3WI62VJqVo.vtt",
  "transcript_file": "/courses/8-04-quantum-physics-i-spring-2016/ee1c39ef55a9cfb5c63807d28f484404_K3WI62VJqVo.pdf",
  "thumbnail_file": "https://img.youtube.com/vi/a9iyhoWdETw/default.jpg",
  "archive_url": "https://archive.org/download/MIT8.04S16/MIT8_04S16_lec09_s2_300k.mp4"}
