{
  "title":"Schrödinger equation for hydrogen",
  "description": "",
  "file": null,
  "learning_resource_types": [],
  "resource_type": "Video",
  "file_type": null,
  "youtube_key":  "KfbvrGt3MlI",
  "captions_file": "/courses/8-04-quantum-physics-i-spring-2016/61a270dea82355beaf4a22258d6eb1b5_KfbvrGt3MlI.vtt",
  "transcript_file": "/courses/8-04-quantum-physics-i-spring-2016/fa2bbbb530d4cae286ac44fabfdb1081_KfbvrGt3MlI.pdf",
  "thumbnail_file": "https://img.youtube.com/vi/KfbvrGt3MlI/default.jpg",
  "archive_url": "https://archive.org/download/MIT8.04S16/MIT8_04S16_lec22_s3_300k.mp4"}
