{
  "title":"Reality condition in Fourier transforms",
  "description": "",
  "file": null,
  "learning_resource_types": [],
  "resource_type": "Video",
  "file_type": null,
  "youtube_key":  "DvFb-D1zJTA",
  "captions_file": "/courses/8-04-quantum-physics-i-spring-2016/8439487cc1e35d67b72debd7f9c903c8_DvFb-D1zJTA.vtt",
  "transcript_file": "/courses/8-04-quantum-physics-i-spring-2016/ae039c99e07d3a3c2072d152dc1745bb_DvFb-D1zJTA.pdf",
  "thumbnail_file": "https://img.youtube.com/vi/J11iuDyYFCY/default.jpg",
  "archive_url": "https://archive.org/download/MIT8.04S16/MIT8_04S16_lec07_s2_300k.mp4"}
