{
  "title":"Excursion of the phase shift",
  "description": "",
  "file": null,
  "learning_resource_types": [],
  "resource_type": "Video",
  "file_type": null,
  "youtube_key":  "Cb_3sOYLjUI",
  "captions_file": "/courses/8-04-quantum-physics-i-spring-2016/f0d3befd99c35516ad8096e99f066b87_Cb_3sOYLjUI.vtt",
  "transcript_file": "/courses/8-04-quantum-physics-i-spring-2016/77f0e32763e0d2e264138f91de958900_Cb_3sOYLjUI.pdf",
  "thumbnail_file": "https://img.youtube.com/vi/Cb_3sOYLjUI/default.jpg",
  "archive_url": "https://archive.org/download/MIT8.04S16/MIT8_04S16_lec18_s3_300k.mp4"}
