{
  "title":"Three dimensional current and conservation",
  "description": "",
  "file": null,
  "learning_resource_types": [],
  "resource_type": "Video",
  "file_type": null,
  "youtube_key":  "Ex_fFlwZoM0",
  "captions_file": "/courses/8-04-quantum-physics-i-spring-2016/a47493f545ce5fabb0728c431598426d_Ex_fFlwZoM0.vtt",
  "transcript_file": "/courses/8-04-quantum-physics-i-spring-2016/4ad0280b37773ad3bedc95d306583b75_Ex_fFlwZoM0.pdf",
  "thumbnail_file": "https://img.youtube.com/vi/Dj9HNADRY48/default.jpg",
  "archive_url": "https://archive.org/download/MIT8.04S16/MIT8_04S16_lec06_s4_300k.mp4"}
