{
  "title":"Incident packet and delay for reflection",
  "description": "",
  "file": null,
  "learning_resource_types": [],
  "resource_type": "Video",
  "file_type": null,
  "youtube_key":  "EJWG9-etPFw",
  "captions_file": "/courses/8-04-quantum-physics-i-spring-2016/d8daba9ab54b525996ea32c0f71546eb_EJWG9-etPFw.vtt",
  "transcript_file": "/courses/8-04-quantum-physics-i-spring-2016/f72d7b601891b1f84de9d39aaf60cbed_EJWG9-etPFw.pdf",
  "thumbnail_file": "https://img.youtube.com/vi/EJWG9-etPFw/default.jpg",
  "archive_url": "https://archive.org/download/MIT8.04S16/MIT8_04S16_lec18_s1_300k.mp4"}
