{
  "title":"Probability current and current conservation",
  "description": "",
  "file": null,
  "learning_resource_types": [],
  "resource_type": "Video",
  "file_type": null,
  "youtube_key":  "J2ltXyByPJA",
  "captions_file": "/courses/8-04-quantum-physics-i-spring-2016/7db8fa42e6c75037ae7d0ab545c2e2a9_J2ltXyByPJA.vtt",
  "transcript_file": "/courses/8-04-quantum-physics-i-spring-2016/eccc424f4e7cdd7d9f7eca2968b37bfb_J2ltXyByPJA.pdf",
  "thumbnail_file": "https://img.youtube.com/vi/I7EHPDYGnn0/default.jpg",
  "archive_url": "https://archive.org/download/MIT8.04S16/MIT8_04S16_lec06_s3_300k.mp4"}
