{
  "title":"de Broglie’s proposal",
  "description": "",
  "file": null,
  "learning_resource_types": [],
  "resource_type": "Video",
  "file_type": null,
  "youtube_key":  "dnuZx9fZHsU",
  "captions_file": "/courses/8-04-quantum-physics-i-spring-2016/d494976deb905b5286c232afb6c69c41_dnuZx9fZHsU.vtt",
  "transcript_file": "/courses/8-04-quantum-physics-i-spring-2016/ed1533bb60bf18869412d7473e5b9b33_dnuZx9fZHsU.pdf",
  "thumbnail_file": "https://img.youtube.com/vi/dnuZx9fZHsU/default.jpg",
  "archive_url": "https://archive.org/download/MIT8.04S16/MIT8_04S16_lec03_s4_300k.mp4"}
