{
  "title":"Time evolution of a free particle wavepacket",
  "description": "",
  "file": null,
  "learning_resource_types": [],
  "resource_type": "Video",
  "file_type": null,
  "youtube_key":  "ipXNYnO7yRk",
  "captions_file": "/courses/8-04-quantum-physics-i-spring-2016/653d0f25704d5d8d95b5357b4a2ef51c_ipXNYnO7yRk.vtt",
  "transcript_file": "/courses/8-04-quantum-physics-i-spring-2016/23194b5e6b91ebb9dad7d3b98c7bd9b7_ipXNYnO7yRk.pdf",
  "thumbnail_file": "https://img.youtube.com/vi/qFQTuTwG26U/default.jpg",
  "archive_url": "https://archive.org/download/MIT8.04S16/MIT8_04S16_lec07_s5_300k.mp4"}
