{
  "title":"Commuting observables for angular momentum",
  "description": "",
  "file": null,
  "learning_resource_types": [],
  "resource_type": "Video",
  "file_type": null,
  "youtube_key":  "Mh8vUEStCQ8",
  "captions_file": "/courses/8-04-quantum-physics-i-spring-2016/cb966bfab4bd570581066e34ce7560f5_Mh8vUEStCQ8.vtt",
  "transcript_file": "/courses/8-04-quantum-physics-i-spring-2016/034aa038bc1ac0f3fb39ce7fe56fc94b_Mh8vUEStCQ8.pdf",
  "thumbnail_file": "https://img.youtube.com/vi/Mh8vUEStCQ8/default.jpg",
  "archive_url": "https://archive.org/download/MIT8.04S16/MIT8_04S16_lec20_s3_300k.mp4"}
