{
  "title":"The simplest quantum system",
  "description": "",
  "file": null,
  "learning_resource_types": [],
  "resource_type": "Video",
  "file_type": null,
  "youtube_key":  "-8mPXAsX3DY",
  "captions_file": "/courses/8-04-quantum-physics-i-spring-2016/a0a6ee9bf8ca5f46bc3632bce9a7295c_-8mPXAsX3DY.vtt",
  "transcript_file": "/courses/8-04-quantum-physics-i-spring-2016/87eb1b43458c045cdb0cf678de50c28c_-8mPXAsX3DY.pdf",
  "thumbnail_file": "https://img.youtube.com/vi/-8mPXAsX3DY/default.jpg",
  "archive_url": "https://archive.org/download/MIT8.04S16/MIT8_04S16_lec24_s2_300k.mp4"}
