{
  "title":"Energy eigenstates of hydrogen",
  "description": "",
  "file": null,
  "learning_resource_types": [],
  "resource_type": "Video",
  "file_type": null,
  "youtube_key":  "Z4CSAWrzguY",
  "captions_file": "/courses/8-04-quantum-physics-i-spring-2016/e48a99f94f3b5d53806eaa97bb945c5b_Z4CSAWrzguY.vtt",
  "transcript_file": "/courses/8-04-quantum-physics-i-spring-2016/6d880e2168e2ab9bd5a6069ab034a614_Z4CSAWrzguY.pdf",
  "thumbnail_file": "https://img.youtube.com/vi/Z4CSAWrzguY/default.jpg",
  "archive_url": "https://archive.org/download/MIT8.04S16/MIT8_04S16_lec22_s5_300k.mp4"}
