{
  "title":"Behavior of the differential equation",
  "description": "",
  "file": null,
  "learning_resource_types": [],
  "resource_type": "Video",
  "file_type": null,
  "youtube_key":  "eNf8nH1yEYc",
  "captions_file": "/courses/8-04-quantum-physics-i-spring-2016/4c1fb117b2c2548f9df1def64cc16b10_eNf8nH1yEYc.vtt",
  "transcript_file": "/courses/8-04-quantum-physics-i-spring-2016/b8594b5920d93255df3dc9cce522959f_eNf8nH1yEYc.pdf",
  "thumbnail_file": "https://img.youtube.com/vi/kce8aqh0Esg/default.jpg",
  "archive_url": "https://archive.org/download/MIT8.04S16/MIT8_04S16_lec13_s5_300k.mp4"}
