{
  "title":"Simultaneous eigenstates and quantization of angular momentum",
  "description": "",
  "file": null,
  "learning_resource_types": [],
  "resource_type": "Video",
  "file_type": null,
  "youtube_key":  "lWTUcojZ_gQ",
  "captions_file": "/courses/8-04-quantum-physics-i-spring-2016/59b74008284f53c4905c4e00ce60b1cf_lWTUcojZ_gQ.vtt",
  "transcript_file": "/courses/8-04-quantum-physics-i-spring-2016/286a93ba93dfb6a6e428824fc1372f66_lWTUcojZ_gQ.pdf",
  "thumbnail_file": "https://img.youtube.com/vi/lWTUcojZ_gQ/default.jpg",
  "archive_url": "https://archive.org/download/MIT8.04S16/MIT8_04S16_lec20_s4_300k.mp4"}
